{
  "precision@5": 0.02,
  "recall@5": 0.1,
  "ndcg@5": 0.05845918855583273,
  "precision@10": 0.014000000000000002,
  "recall@10": 0.14,
  "ndcg@10": 0.07143515275821398,
  "precision@20": 0.013000000000000001,
  "recall@20": 0.26,
  "ndcg@20": 0.10233337620333352
}