{
  "precision@5": 0.012,
  "recall@5": 0.06,
  "ndcg@5": 0.042618595071429156,
  "precision@10": 0.01,
  "recall@10": 0.1,
  "ndcg@10": 0.05640940548025626,
  "precision@20": 0.008,
  "recall@20": 0.16,
  "ndcg@20": 0.07121782615017973
}