{
  "precision@5": 0.02,
  "recall@5": 0.1,
  "ndcg@5": 0.05845918855583273,
  "precision@10": 0.016,
  "recall@10": 0.16,
  "ndcg@10": 0.0774557526714936,
  "precision@20": 0.013000000000000001,
  "recall@20": 0.26,
  "ndcg@20": 0.10285573120772813
}