{
  "precision@5": 0.004,
  "recall@5": 0.02,
  "ndcg@5": 0.01,
  "precision@10": 0.012,
  "recall@10": 0.12,
  "ndcg@10": 0.043820394419505755,
  "precision@20": 0.013000000000000001,
  "recall@20": 0.26,
  "ndcg@20": 0.07870533526410259
}