{
  "precision@5": 0.008,
  "recall@5": 0.04,
  "ndcg@5": 0.02123212623289701,
  "precision@10": 0.01,
  "recall@10": 0.1,
  "ndcg@10": 0.041232126232897,
  "precision@20": 0.012,
  "recall@20": 0.24,
  "ndcg@20": 0.07557730185325744
}