{
  "precision@5": 0.012,
  "recall@5": 0.06,
  "ndcg@5": 0.03861353116146786,
  "precision@10": 0.01,
  "recall@10": 0.1,
  "ndcg@10": 0.05240434157029497,
  "precision@20": 0.008,
  "recall@20": 0.16,
  "ndcg@20": 0.06721276224021844
}