{
  "precision@5": 0.016,
  "recall@5": 0.08,
  "ndcg@5": 0.04385072130432617,
  "precision@10": 0.01,
  "recall@10": 0.1,
  "ndcg@10": 0.04963201783068392,
  "precision@20": 0.01,
  "recall@20": 0.2,
  "ndcg@20": 0.07460882428868841
}