{
  "precision@5": 0.02,
  "recall@5": 0.1,
  "ndcg@5": 0.051587777449017,
  "precision@10": 0.016,
  "recall@10": 0.16,
  "ndcg@10": 0.07051567005616072,
  "precision@20": 0.014000000000000002,
  "recall@20": 0.28,
  "ndcg@20": 0.10006459634515853
}