{
  "precision@5": 0.012,
  "recall@5": 0.06,
  "ndcg@5": 0.024087643450849527,
  "precision@10": 0.01,
  "recall@10": 0.1,
  "ndcg@10": 0.03752108472872455,
  "precision@20": 0.007000000000000001,
  "recall@20": 0.14,
  "ndcg@20": 0.04757032476083104
}