{
  "precision@5": 0.016,
  "recall@5": 0.08,
  "ndcg@5": 0.06773705614469083,
  "precision@10": 0.016,
  "recall@10": 0.16,
  "ndcg@10": 0.09350039487156005,
  "precision@20": 0.012,
  "recall@20": 0.24,
  "ndcg@20": 0.1140180993159856
}