{
  "precision@5": 0.008,
  "recall@5": 0.04,
  "ndcg@5": 0.017737056144690833,
  "precision@10": 0.004,
  "recall@10": 0.04,
  "ndcg@10": 0.017737056144690833,
  "precision@20": 0.01,
  "recall@20": 0.2,
  "ndcg@20": 0.057997509180204396
}