{
  "precision@5": 0.012,
  "recall@5": 0.06,
  "ndcg@5": 0.048613531161467854,
  "precision@10": 0.008,
  "recall@10": 0.08,
  "ndcg@10": 0.055737674903628305,
  "precision@20": 0.01,
  "recall@20": 0.2,
  "ndcg@20": 0.08657375758776854
}