{
  "precision@5": 0.012,
  "recall@5": 0.06,
  "ndcg@5": 0.041232126232897015,
  "precision@10": 0.008,
  "recall@10": 0.08,
  "ndcg@10": 0.04835626997505745,
  "precision@20": 0.01,
  "recall@20": 0.2,
  "ndcg@20": 0.07919235265919769
}