{
  "precision@5": 0.012,
  "recall@5": 0.06,
  "ndcg@5": 0.025474112289381665,
  "precision@10": 0.01,
  "recall@10": 0.1,
  "ndcg@10": 0.038907553567256684,
  "precision@20": 0.007000000000000001,
  "recall@20": 0.14,
  "ndcg@20": 0.04895679359936318
}