{
  "precision@5": 0.012,
  "recall@5": 0.06,
  "ndcg@5": 0.047737056144690836,
  "precision@10": 0.008,
  "recall@10": 0.08,
  "ndcg@10": 0.054403722811357504,
  "precision@20": 0.009,
  "recall@20": 0.18,
  "ndcg@20": 0.0789675367854797
}