{
  "precision@5": 0.02,
  "recall@5": 0.1,
  "ndcg@5": 0.055474112289381663,
  "precision@10": 0.014000000000000002,
  "recall@10": 0.14,
  "ndcg@10": 0.06780400973837587,
  "precision@20": 0.01,
  "recall@20": 0.2,
  "ndcg@20": 0.08282928446770203
}