{
  "precision@5": 0.004,
  "recall@5": 0.02,
  "ndcg@5": 0.01,
  "precision@10": 0.006,
  "recall@10": 0.06,
  "ndcg@10": 0.021801896439637383,
  "precision@20": 0.011,
  "recall@20": 0.22,
  "ndcg@20": 0.06142590831530328
}