{
  "precision@5": 0.012,
  "recall@5": 0.06,
  "ndcg@5": 0.047737056144690836,
  "precision@10": 0.01,
  "recall@10": 0.1,
  "ndcg@10": 0.061170497422565855,
  "precision@20": 0.008,
  "recall@20": 0.16,
  "ndcg@20": 0.07669442100730856
}