{
  "precision@5": 0.012,
  "recall@5": 0.06,
  "ndcg@5": 0.03861353116146786,
  "precision@10": 0.012,
  "recall@10": 0.12,
  "ndcg@10": 0.05772816102115895,
  "precision@20": 0.013000000000000001,
  "recall@20": 0.26,
  "ndcg@20": 0.092162641092629
}