{
  "precision@5": 0.004,
  "recall@5": 0.02,
  "ndcg@5": 0.02,
  "precision@10": 0.006,
  "recall@10": 0.06,
  "ndcg@10": 0.03314474365544007,
  "precision@20": 0.012,
  "recall@20": 0.24,
  "ndcg@20": 0.07707238868666548
}