{
  "precision@5": 0.02,
  "recall@5": 0.1,
  "ndcg@5": 0.05261859507142916,
  "precision@10": 0.018,
  "recall@10": 0.18,
  "ndcg@10": 0.07708662839266286,
  "precision@20": 0.013000000000000001,
  "recall@20": 0.26,
  "ndcg@20": 0.09777670953369473
}