{
  "precision@5": 0.008,
  "recall@5": 0.04,
  "ndcg@5": 0.018613531161467863,
  "precision@10": 0.01,
  "recall@10": 0.1,
  "ndcg@10": 0.037082094267771905,
  "precision@20": 0.011,
  "recall@20": 0.22,
  "ndcg@20": 0.06720866285856017
}