{
  "precision@5": 0.02,
  "recall@5": 0.1,
  "ndcg@5": 0.05508284753722318,
  "precision@10": 0.02,
  "recall@10": 0.2,
  "ndcg@10": 0.08657808855493707,
  "precision@20": 0.016,
  "recall@20": 0.32,
  "ndcg@20": 0.11618668575922632
}