{
  "precision@5": 0.016,
  "recall@5": 0.08,
  "ndcg@5": 0.053850721304326166,
  "precision@10": 0.014000000000000002,
  "recall@10": 0.14,
  "ndcg@10": 0.0752231525308075,
  "precision@20": 0.014000000000000002,
  "recall@20": 0.28,
  "ndcg@20": 0.10935831366212373
}