{
  "precision@5": 0.016,
  "recall@5": 0.08,
  "ndcg@5": 0.037227062322935725,
  "precision@10": 0.016,
  "recall@10": 0.16,
  "ndcg@10": 0.06111955282464544,
  "precision@20": 0.01,
  "recall@20": 0.2,
  "ndcg@20": 0.0714065900050008
}