{
  "precision@5": 0.02,
  "recall@5": 0.1,
  "ndcg@5": 0.06523719014285831,
  "precision@10": 0.014000000000000002,
  "recall@10": 0.14,
  "ndcg@10": 0.0781426304113765,
  "precision@20": 0.015,
  "recall@20": 0.3,
  "ndcg@20": 0.11793504857013776
}