{
  "precision@5": 0.012,
  "recall@5": 0.06,
  "ndcg@5": 0.041232126232897015,
  "precision@10": 0.014000000000000002,
  "recall@10": 0.14,
  "ndcg@10": 0.0668248330813615,
  "precision@20": 0.013000000000000001,
  "recall@20": 0.26,
  "ndcg@20": 0.09594262112831502
}