{
  "precision@5": 0.0,
  "recall@5": 0.0,
  "ndcg@5": 0.0,
  "precision@10": 0.006,
  "recall@10": 0.06,
  "ndcg@10": 0.020557585020035463,
  "precision@20": 0.009,
  "recall@20": 0.18,
  "ndcg@20": 0.05007705970142345
}