{
  "precision@5": 0.012,
  "recall@5": 0.06,
  "ndcg@5": 0.03861353116146786,
  "precision@10": 0.014000000000000002,
  "recall@10": 0.14,
  "ndcg@10": 0.06554908522573503,
  "precision@20": 0.012,
  "recall@20": 0.24,
  "ndcg@20": 0.08990141203861715
}