{
  "precision@5": 0.008,
  "recall@5": 0.04,
  "ndcg@5": 0.017737056144690833,
  "precision@10": 0.01,
  "recall@10": 0.1,
  "ndcg@10": 0.03555955249760784,
  "precision@20": 0.009,
  "recall@20": 0.18,
  "ndcg@20": 0.05572068242672211
}