{
  "precision@5": 0.02,
  "recall@5": 0.1,
  "ndcg@5": 0.06496411846762656,
  "precision@10": 0.014000000000000002,
  "recall@10": 0.14,
  "ndcg@10": 0.07810886212306663,
  "precision@20": 0.012,
  "recall@20": 0.24,
  "ndcg@20": 0.10312370596920786
}