{
  "precision@5": 0.008,
  "recall@5": 0.04,
  "ndcg@5": 0.016350587306158695,
  "precision@10": 0.004,
  "recall@10": 0.04,
  "ndcg@10": 0.016350587306158695,
  "precision@20": 0.006,
  "recall@20": 0.12,
  "ndcg@20": 0.03700677477786306
}