{
  "precision@5": 0.008,
  "recall@5": 0.04,
  "ndcg@5": 0.01722706232293572,
  "precision@10": 0.008,
  "recall@10": 0.08,
  "ndcg@10": 0.030132502591453926,
  "precision@20": 0.008,
  "recall@20": 0.16,
  "ndcg@20": 0.050328991646332
}