{
  "precision@5": 0.016,
  "recall@5": 0.08,
  "ndcg@5": 0.03635058730615869,
  "precision@10": 0.012,
  "recall@10": 0.12,
  "ndcg@10": 0.04949533096159876,
  "precision@20": 0.014000000000000002,
  "recall@20": 0.28,
  "ndcg@20": 0.08972607491277343
}