{
  "precision@5": 0.016,
  "recall@5": 0.08,
  "ndcg@5": 0.03635058730615869,
  "precision@10": 0.012,
  "recall@10": 0.12,
  "ndcg@10": 0.0501413977149858,
  "precision@20": 0.009,
  "recall@20": 0.18,
  "ndcg@20": 0.0652873992580942
}