{
  "precision@5": 0.016,
  "recall@5": 0.08,
  "ndcg@5": 0.058613531161467856,
  "precision@10": 0.012,
  "recall@10": 0.12,
  "ndcg@10": 0.0706547309880271,
  "precision@20": 0.01,
  "recall@20": 0.2,
  "ndcg@20": 0.09037508059392069
}