{
  "precision@5": 0.008,
  "recall@5": 0.04,
  "ndcg@5": 0.027737056144690832,
  "precision@10": 0.012,
  "recall@10": 0.12,
  "ndcg@10": 0.053111589304583415,
  "precision@20": 0.011,
  "recall@20": 0.22,
  "ndcg@20": 0.07814903537247042
}