{
  "precision@5": 0.016,
  "recall@5": 0.08,
  "ndcg@5": 0.037227062322935725,
  "precision@10": 0.008,
  "recall@10": 0.08,
  "ndcg@10": 0.037227062322935725,
  "precision@20": 0.011,
  "recall@20": 0.22,
  "ndcg@20": 0.07315677963769858
}