{
  "precision@5": 0.016,
  "recall@5": 0.08,
  "ndcg@5": 0.039845657394364874,
  "precision@10": 0.016,
  "recall@10": 0.16,
  "ndcg@10": 0.06373814789607458,
  "precision@20": 0.009,
  "recall@20": 0.18,
  "ndcg@20": 0.06914291098462098
}