{
  "precision@5": 0.008,
  "recall@5": 0.04,
  "ndcg@5": 0.017737056144690833,
  "precision@10": 0.006,
  "recall@10": 0.06,
  "ndcg@10": 0.024861199886851273,
  "precision@20": 0.007000000000000001,
  "recall@20": 0.14,
  "ndcg@20": 0.045638114172337846
}