{
  "precision@5": 0.02,
  "recall@5": 0.1,
  "ndcg@5": 0.05261859507142916,
  "precision@10": 0.016,
  "recall@10": 0.16,
  "ndcg@10": 0.07130533186630511,
  "precision@20": 0.013000000000000001,
  "recall@20": 0.26,
  "ndcg@20": 0.09699541300733695
}