{
  "precision@5": 0.004,
  "recall@5": 0.02,
  "ndcg@5": 0.00861353116146786,
  "precision@10": 0.004,
  "recall@10": 0.04,
  "ndcg@10": 0.014922828697182436,
  "precision@20": 0.009,
  "recall@20": 0.18,
  "ndcg@20": 0.04951046150428254
}