{
  "precision@5": 0.012,
  "recall@5": 0.06,
  "ndcg@5": 0.030355651216119984,
  "precision@10": 0.016,
  "recall@10": 0.16,
  "ndcg@10": 0.05998004400867437,
  "precision@20": 0.01,
  "recall@20": 0.2,
  "ndcg@20": 0.07081189362244085
}