{
  "precision@5": 0.008,
  "recall@5": 0.04,
  "ndcg@5": 0.016350587306158695,
  "precision@10": 0.008,
  "recall@10": 0.08,
  "ndcg@10": 0.029256027574676893,
  "precision@20": 0.009,
  "recall@20": 0.18,
  "ndcg@20": 0.054213911097297715
}