{
  "precision@5": 0.012,
  "recall@5": 0.06,
  "ndcg@5": 0.026350587306158694,
  "precision@10": 0.012,
  "recall@10": 0.12,
  "ndcg@10": 0.04680806438165247,
  "precision@20": 0.01,
  "recall@20": 0.2,
  "ndcg@20": 0.06731404578314021
}