{
  "precision@5": 0.004,
  "recall@5": 0.02,
  "ndcg@5": 0.01,
  "precision@10": 0.01,
  "recall@10": 0.1,
  "ndcg@10": 0.03501716402894049,
  "precision@20": 0.011,
  "recall@20": 0.22,
  "ndcg@20": 0.06451125355976467
}