{
  "precision@5": 0.004,
  "recall@5": 0.02,
  "ndcg@5": 0.00861353116146786,
  "precision@10": 0.012,
  "recall@10": 0.12,
  "ndcg@10": 0.0391021643959812,
  "precision@20": 0.009,
  "recall@20": 0.18,
  "ndcg@20": 0.05435358877913918
}