{
  "precision@5": 0.004,
  "recall@5": 0.02,
  "ndcg@5": 0.00861353116146786,
  "precision@10": 0.006,
  "recall@10": 0.06,
  "ndcg@10": 0.020654730988027108,
  "precision@20": 0.005,
  "recall@20": 0.1,
  "ndcg@20": 0.030282295251222294
}