{
  "precision@5": 0.012,
  "recall@5": 0.06,
  "ndcg@5": 0.028969182377587846,
  "precision@10": 0.008,
  "recall@10": 0.08,
  "ndcg@10": 0.03527847991330242,
  "precision@20": 0.01,
  "recall@20": 0.2,
  "ndcg@20": 0.06569541434040965
}