{
  "precision@5": 0.02,
  "recall@5": 0.1,
  "ndcg@5": 0.05420637252044615,
  "precision@10": 0.016,
  "recall@10": 0.16,
  "ndcg@10": 0.0736604137116008,
  "precision@20": 0.016,
  "recall@20": 0.32,
  "ndcg@20": 0.11401278946562662
}