{
  "precision@5": 0.012,
  "recall@5": 0.06,
  "ndcg@5": 0.03385072130432616,
  "precision@10": 0.014000000000000002,
  "recall@10": 0.14,
  "ndcg@10": 0.06032879829309957,
  "precision@20": 0.012,
  "recall@20": 0.24,
  "ndcg@20": 0.08484539723035578
}