{
  "precision@5": 0.004,
  "recall@5": 0.02,
  "ndcg@5": 0.01,
  "precision@10": 0.008,
  "recall@10": 0.08,
  "ndcg@10": 0.028111193975351955,
  "precision@20": 0.008,
  "recall@20": 0.16,
  "ndcg@20": 0.048188522534033724
}