{
  "precision@5": 0.0,
  "recall@5": 0.0,
  "ndcg@5": 0.0,
  "precision@10": 0.003333333333333333,
  "recall@10": 0.03333333333333333,
  "ndcg@10": 0.009635494210596262,
  "precision@20": 0.01,
  "recall@20": 0.2,
  "ndcg@20": 0.05067687090137432
}
