{
  "precision@5": 0.0,
  "recall@5": 0.0,
  "ndcg@5": 0.0,
  "precision@10": 0.01,
  "recall@10": 0.1,
  "ndcg@10": 0.033500179907569476,
  "precision@20": 0.005,
  "recall@20": 0.1,
  "ndcg@20": 0.033500179907569476
}
