{
  "ips": 0.8314094256470432,
  "snips": 0.5045903533038802,
  "dr": 0.5421566156834313
}
