{
  "precision@5": 0.012,
  "recall@5": 0.06,
  "ndcg@5": 0.041232126232897015,
  "precision@10": 0.008,
  "recall@10": 0.08,
  "ndcg@10": 0.047898792899563676,
  "precision@20": 0.008,
  "recall@20": 0.16,
  "ndcg@20": 0.06730637768394389
}