{
  "precision@5": 0.012,
  "recall@5": 0.06,
  "ndcg@5": 0.031232126232897013,
  "precision@10": 0.01,
  "recall@10": 0.1,
  "ndcg@10": 0.04437686988833708,
  "precision@20": 0.009,
  "recall@20": 0.18,
  "ndcg@20": 0.06542759855674679
}